Hello,Hello World!
hi,Can you try rephrasing that please?<br><br>You can try this from my friend Google: <a target='_blank' href='https://www.google.com/search?q=hi'>hi</a>
Hi,Hello World!
Hello,Hello World!
I don't like you,I could not tell you.<br><br>You can try this from my friend Google: <a target='_blank' href='https://www.google.com/search?q=I don't like you'>I don't like you</a>
you are nice,I could not tell you.<br><br>You can try this from my friend Google: <a target='_blank' href='https://www.google.com/search?q=you are nice'>you are nice</a>
Hello,Hello to you!
Hello,It's nice to see you!
Hello,It's nice to see you!
Hello,Hi there!
Hello,Hello to you!
Hello!,Hello to you!
what time is,The time is now 1:11 AM EST
a,I'm not an expert on that.<br><br>You can try this from my friend Google: <a target='_blank' href='https://www.google.com/search?q=a'>a</a>
Hello,Hey!
Hello,It's nice to see you!
Hello,Hello to you!
Hello,It's nice to see you!
what time is it,The time is now 0:21 AM EST
how are you?,I am well.  How are you?
what is the price of coffee today?,I don't know.<br><br>You can try this from my friend Google: <a target='_blank' href='https://www.google.com/search?q=what is the price of coffee today?'>what is the price of coffee today?</a>
nice too meet you,It's nice to meet you too!
Hello,Hi there!
que hora es,I don't know.<br><br>You can try this from my friend Google: <a target='_blank' href='https://www.google.com/search?q=que hora es'>que hora es</a>
Hello,Hi there!
que hora es?,The time is now 0:28 AM EST
Hello,Hi there!
Hello,Hi there!
Hello,Hi there!
owo,There are some things I just don't know about yet.<br><br>You can try this from my friend Google: <a target='_blank' href='https://www.google.com/search?q=owo'>owo</a>
Hello,Hi there!
owo,I will have to give that some thought.<br><br>You can try this from my friend Google: <a target='_blank' href='https://www.google.com/search?q=owo'>owo</a>
Hello,Hello to you!
hello,Hi there!
hello,It's nice to see you!
hi,I'm not sure about that.<br><br>You can try this from my friend Google: <a target='_blank' href='https://www.google.com/search?q=hi'>hi</a>
hello,It's nice to see you!
